report_fy,source_file,entity_key,fiscal_year,field,n_distinct_values,min_value,max_value,n_rows,value_used
2007,Financial Disclosure FY2007.pdf,ALL SPECIALTY HOSPITALS,2005,excess_profit,2,609600.0,10389462.0,2,10389462.0
2007,Financial Disclosure FY2007.pdf,ALL SPECIALTY HOSPITALS,2005,gross_revenue_total,2,55790100.0,275684816.0,2,275684816.0
2007,Financial Disclosure FY2007.pdf,ALL SPECIALTY HOSPITALS,2005,inpatient_admissions,2,1108.0,14798.0,2,14798.0
2007,Financial Disclosure FY2007.pdf,ALL SPECIALTY HOSPITALS,2005,net_operating_revenue_total,2,44882100.0,232017421.0,2,232017421.0
2007,Financial Disclosure FY2007.pdf,ALL SPECIALTY HOSPITALS,2005,net_patient_revenue_total,2,44767300.0,228099714.0,2,228099714.0
2007,Financial Disclosure FY2007.pdf,ALL SPECIALTY HOSPITALS,2005,non_operating_profit,2,-5200.0,7010839.0,2,7010839.0
2007,Financial Disclosure FY2007.pdf,ALL SPECIALTY HOSPITALS,2005,operating_expenses_total,2,44267300.0,228638798.0,2,228638798.0
2007,Financial Disclosure FY2007.pdf,ALL SPECIALTY HOSPITALS,2005,operating_profit_total,2,614800.0,3378623.0,2,3378623.0
2007,Financial Disclosure FY2007.pdf,ALL SPECIALTY HOSPITALS,2005,other_operating_revenue_total,2,114800.0,3917707.0,2,3917707.0
2007,Financial Disclosure FY2007.pdf,ALL SPECIALTY HOSPITALS,2006,excess_profit,2,3540400.0,12333199.0,2,12333199.0
2007,Financial Disclosure FY2007.pdf,ALL SPECIALTY HOSPITALS,2006,gross_revenue_total,2,60749400.0,320907647.0,2,320907647.0
2007,Financial Disclosure FY2007.pdf,ALL SPECIALTY HOSPITALS,2006,inpatient_admissions,2,1114.0,15933.0,2,15933.0
2007,Financial Disclosure FY2007.pdf,ALL SPECIALTY HOSPITALS,2006,net_operating_revenue_total,2,51301900.0,266254243.0,2,266254243.0
2007,Financial Disclosure FY2007.pdf,ALL SPECIALTY HOSPITALS,2006,net_patient_revenue_total,2,51146100.0,261181936.0,2,261181936.0
2007,Financial Disclosure FY2007.pdf,ALL SPECIALTY HOSPITALS,2006,non_operating_profit,2,893300.0,7480871.0,2,7480871.0
2007,Financial Disclosure FY2007.pdf,ALL SPECIALTY HOSPITALS,2006,operating_expenses_total,2,48654800.0,261401915.0,2,261401915.0
2007,Financial Disclosure FY2007.pdf,ALL SPECIALTY HOSPITALS,2006,operating_profit_total,2,2647100.0,4852328.0,2,4852328.0
2007,Financial Disclosure FY2007.pdf,ALL SPECIALTY HOSPITALS,2006,other_operating_revenue_total,2,155800.0,5072307.0,2,5072307.0
2007,Financial Disclosure FY2007.pdf,ALL SPECIALTY HOSPITALS,2007,excess_profit,2,2351900.0,15420324.0,2,15420324.0
2007,Financial Disclosure FY2007.pdf,ALL SPECIALTY HOSPITALS,2007,gross_revenue_total,2,65540100.0,341654608.0,2,341654608.0
2007,Financial Disclosure FY2007.pdf,ALL SPECIALTY HOSPITALS,2007,inpatient_admissions,2,1094.0,16568.0,2,16568.0
2007,Financial Disclosure FY2007.pdf,ALL SPECIALTY HOSPITALS,2007,net_operating_revenue_total,2,54559600.0,287504202.0,2,287504202.0
2007,Financial Disclosure FY2007.pdf,ALL SPECIALTY HOSPITALS,2007,net_patient_revenue_total,2,54046600.0,282466588.0,2,282466588.0
2007,Financial Disclosure FY2007.pdf,ALL SPECIALTY HOSPITALS,2007,non_operating_profit,2,1115000.0,10854722.0,2,10854722.0
2007,Financial Disclosure FY2007.pdf,ALL SPECIALTY HOSPITALS,2007,operating_expenses_total,2,53322700.0,282938600.0,2,282938600.0
2007,Financial Disclosure FY2007.pdf,ALL SPECIALTY HOSPITALS,2007,operating_profit_total,2,1236900.0,4565602.0,2,4565602.0
2007,Financial Disclosure FY2007.pdf,ALL SPECIALTY HOSPITALS,2007,other_operating_revenue_total,2,513000.0,5037614.0,2,5037614.0
2009,HSCRC_DisclosureReport-FY09.pdf,ALL SPECIALTY HOSPITALS,2007,excess_profit,2,2351900.0,20112281.0,2,20112281.0
2009,HSCRC_DisclosureReport-FY09.pdf,ALL SPECIALTY HOSPITALS,2007,gross_revenue_total,2,65540100.0,341654608.0,2,341654608.0
2009,HSCRC_DisclosureReport-FY09.pdf,ALL SPECIALTY HOSPITALS,2007,inpatient_admissions,2,1094.0,16568.0,2,16568.0
2009,HSCRC_DisclosureReport-FY09.pdf,ALL SPECIALTY HOSPITALS,2007,net_operating_revenue_total,2,54559600.0,287516959.0,2,287516959.0
2009,HSCRC_DisclosureReport-FY09.pdf,ALL SPECIALTY HOSPITALS,2007,net_patient_revenue_total,2,54046600.0,282523345.0,2,282523345.0
2009,HSCRC_DisclosureReport-FY09.pdf,ALL SPECIALTY HOSPITALS,2007,non_operating_profit,2,1115000.0,15533922.0,2,15533922.0
2009,HSCRC_DisclosureReport-FY09.pdf,ALL SPECIALTY HOSPITALS,2007,operating_expenses_total,2,53322700.0,282938600.0,2,282938600.0
2009,HSCRC_DisclosureReport-FY09.pdf,ALL SPECIALTY HOSPITALS,2007,operating_profit_total,2,1236900.0,4578359.0,2,4578359.0
2009,HSCRC_DisclosureReport-FY09.pdf,ALL SPECIALTY HOSPITALS,2007,other_operating_revenue_total,2,513000.0,4993614.0,2,4993614.0
2009,HSCRC_DisclosureReport-FY09.pdf,ALL SPECIALTY HOSPITALS,2008,excess_profit,2,-1249800.0,6838264.0,2,6838264.0
2009,HSCRC_DisclosureReport-FY09.pdf,ALL SPECIALTY HOSPITALS,2008,gross_revenue_total,2,67435100.0,362312774.0,2,362312774.0
2009,HSCRC_DisclosureReport-FY09.pdf,ALL SPECIALTY HOSPITALS,2008,inpatient_admissions,2,979.0,16212.0,2,16212.0
2009,HSCRC_DisclosureReport-FY09.pdf,ALL SPECIALTY HOSPITALS,2008,net_operating_revenue_total,2,54796200.0,301315121.0,2,301315121.0
2009,HSCRC_DisclosureReport-FY09.pdf,ALL SPECIALTY HOSPITALS,2008,net_patient_revenue_total,2,54473100.0,296493374.0,2,296493374.0
2009,HSCRC_DisclosureReport-FY09.pdf,ALL SPECIALTY HOSPITALS,2008,non_operating_profit,2,-3608330.0,-101700.0,2,-101700.0
2009,HSCRC_DisclosureReport-FY09.pdf,ALL SPECIALTY HOSPITALS,2008,operating_expenses_total,2,55944300.0,290868527.0,2,290868527.0
2009,HSCRC_DisclosureReport-FY09.pdf,ALL SPECIALTY HOSPITALS,2008,operating_profit_total,2,-1148100.0,10446594.0,2,10446594.0
2009,HSCRC_DisclosureReport-FY09.pdf,ALL SPECIALTY HOSPITALS,2008,other_operating_revenue_total,2,323100.0,4821747.0,2,4821747.0
2009,HSCRC_DisclosureReport-FY09.pdf,ALL SPECIALTY HOSPITALS,2009,excess_profit,2,-9312298.0,-5345200.0,2,-5345200.0
2009,HSCRC_DisclosureReport-FY09.pdf,ALL SPECIALTY HOSPITALS,2009,gross_revenue_total,2,61408500.0,372903294.0,2,372903294.0
2009,HSCRC_DisclosureReport-FY09.pdf,ALL SPECIALTY HOSPITALS,2009,inpatient_admissions,2,900.0,16659.0,2,16659.0
2009,HSCRC_DisclosureReport-FY09.pdf,ALL SPECIALTY HOSPITALS,2009,net_operating_revenue_total,2,50560800.0,304587930.0,2,304587930.0
2009,HSCRC_DisclosureReport-FY09.pdf,ALL SPECIALTY HOSPITALS,2009,net_patient_revenue_total,2,50631300.0,301960072.0,2,301960072.0
2009,HSCRC_DisclosureReport-FY09.pdf,ALL SPECIALTY HOSPITALS,2009,non_operating_profit,2,-11965618.0,-1447200.0,2,-1447200.0
2009,HSCRC_DisclosureReport-FY09.pdf,ALL SPECIALTY HOSPITALS,2009,operating_expenses_total,2,54458800.0,301934610.0,2,301934610.0
2009,HSCRC_DisclosureReport-FY09.pdf,ALL SPECIALTY HOSPITALS,2009,operating_profit_total,2,-3898000.0,2653320.0,2,2653320.0
2009,HSCRC_DisclosureReport-FY09.pdf,ALL SPECIALTY HOSPITALS,2009,other_operating_revenue_total,2,-70500.0,2627858.0,2,2627858.0
2011,HSCRC-DisclosureReport-FY2011.pdf,ALL SPECIALTY HOSPITALS,2009,excess_profit,2,-5345200.0,-4602824.0,2,-4602824.0
2011,HSCRC-DisclosureReport-FY2011.pdf,ALL SPECIALTY HOSPITALS,2009,gross_revenue_total,2,61408500.0,373612874.0,2,373612874.0
2011,HSCRC-DisclosureReport-FY2011.pdf,ALL SPECIALTY HOSPITALS,2009,inpatient_admissions,2,900.0,16669.0,2,16669.0
2011,HSCRC-DisclosureReport-FY2011.pdf,ALL SPECIALTY HOSPITALS,2009,net_operating_revenue_total,2,50560800.0,305376749.0,2,305376749.0
2011,HSCRC-DisclosureReport-FY2011.pdf,ALL SPECIALTY HOSPITALS,2009,net_patient_revenue_total,2,50631300.0,302717702.0,2,302717702.0
2011,HSCRC-DisclosureReport-FY2011.pdf,ALL SPECIALTY HOSPITALS,2009,non_operating_profit,2,-8322930.0,-1447200.0,2,-1447200.0
2011,HSCRC-DisclosureReport-FY2011.pdf,ALL SPECIALTY HOSPITALS,2009,operating_expenses_total,2,54458800.0,301656643.0,2,301656643.0
2011,HSCRC-DisclosureReport-FY2011.pdf,ALL SPECIALTY HOSPITALS,2009,operating_profit_total,2,-3898000.0,3720106.0,2,3720106.0
2011,HSCRC-DisclosureReport-FY2011.pdf,ALL SPECIALTY HOSPITALS,2009,other_operating_revenue_total,2,-70500.0,2659047.0,2,2659047.0
2011,HSCRC-DisclosureReport-FY2011.pdf,ALL SPECIALTY HOSPITALS,2010,excess_profit,2,-1417554.0,5799301.0,2,5799301.0
2011,HSCRC-DisclosureReport-FY2011.pdf,ALL SPECIALTY HOSPITALS,2010,gross_revenue_total,2,59517400.0,390881594.0,2,390881594.0
2011,HSCRC-DisclosureReport-FY2011.pdf,ALL SPECIALTY HOSPITALS,2010,inpatient_admissions,2,891.0,17203.0,2,17203.0
2011,HSCRC-DisclosureReport-FY2011.pdf,ALL SPECIALTY HOSPITALS,2010,net_operating_revenue_total,2,48937287.0,309686463.0,2,309686463.0
2011,HSCRC-DisclosureReport-FY2011.pdf,ALL SPECIALTY HOSPITALS,2010,net_patient_revenue_total,2,48818390.0,307941409.0,2,307941409.0
2011,HSCRC-DisclosureReport-FY2011.pdf,ALL SPECIALTY HOSPITALS,2010,non_operating_profit,2,176054.0,2064311.0,2,2064311.0
2011,HSCRC-DisclosureReport-FY2011.pdf,ALL SPECIALTY HOSPITALS,2010,operating_expenses_total,2,50530895.0,305951473.0,2,305951473.0
2011,HSCRC-DisclosureReport-FY2011.pdf,ALL SPECIALTY HOSPITALS,2010,operating_profit_total,2,-1593607.0,3734990.0,2,3734990.0
2011,HSCRC-DisclosureReport-FY2011.pdf,ALL SPECIALTY HOSPITALS,2010,other_operating_revenue_total,2,118898.0,1745054.0,2,1745054.0
2011,HSCRC-DisclosureReport-FY2011.pdf,ALL SPECIALTY HOSPITALS,2011,excess_profit,2,-3220000.0,12322590.0,2,12322590.0
2011,HSCRC-DisclosureReport-FY2011.pdf,ALL SPECIALTY HOSPITALS,2011,gross_revenue_total,2,57787100.0,361591178.0,2,361591178.0
2011,HSCRC-DisclosureReport-FY2011.pdf,ALL SPECIALTY HOSPITALS,2011,inpatient_admissions,2,910.0,17040.0,2,17040.0
2011,HSCRC-DisclosureReport-FY2011.pdf,ALL SPECIALTY HOSPITALS,2011,net_operating_revenue_total,2,48134630.0,315209910.0,2,315209910.0
2011,HSCRC-DisclosureReport-FY2011.pdf,ALL SPECIALTY HOSPITALS,2011,net_patient_revenue_total,2,48149100.0,312426693.0,2,312426693.0
2011,HSCRC-DisclosureReport-FY2011.pdf,ALL SPECIALTY HOSPITALS,2011,non_operating_profit,2,-1032297.0,6684143.0,2,6684143.0
2011,HSCRC-DisclosureReport-FY2011.pdf,ALL SPECIALTY HOSPITALS,2011,operating_expenses_total,2,50322333.0,309571662.0,2,309571662.0
2011,HSCRC-DisclosureReport-FY2011.pdf,ALL SPECIALTY HOSPITALS,2011,operating_profit_total,2,-2187703.0,5638447.0,2,5638447.0
2011,HSCRC-DisclosureReport-FY2011.pdf,ALL SPECIALTY HOSPITALS,2011,other_operating_revenue_total,2,-14470.0,2783217.0,2,2783217.0
2012,hscrc-disclosure-report-fy-2012.pdf,ALL ACUTE HOSPITALS,2010,other_operating_revenue_regulated,3,121582218.0,11499889233.0,3,11499889233.0
2012,hscrc-disclosure-report-fy-2012.pdf,ALL ACUTE HOSPITALS,2010,other_operating_revenue_total,3,497174154.0,12605405600.0,3,12605405600.0
2012,hscrc-disclosure-report-fy-2012.pdf,ALL ACUTE HOSPITALS,2010,other_operating_revenue_unregulated,2,375591936.0,1105516367.0,2,1105516367.0
2012,hscrc-disclosure-report-fy-2012.pdf,ALL ACUTE HOSPITALS,2011,other_operating_revenue_regulated,3,133023987.0,12055926369.0,3,12055926369.0
2012,hscrc-disclosure-report-fy-2012.pdf,ALL ACUTE HOSPITALS,2011,other_operating_revenue_total,3,517319731.0,13183865472.0,3,13183865472.0
2012,hscrc-disclosure-report-fy-2012.pdf,ALL ACUTE HOSPITALS,2011,other_operating_revenue_unregulated,2,384295744.0,1127939103.0,2,1127939103.0
2012,hscrc-disclosure-report-fy-2012.pdf,ALL ACUTE HOSPITALS,2012,other_operating_revenue_regulated,3,153760532.0,12429743200.0,3,12429743200.0
2012,hscrc-disclosure-report-fy-2012.pdf,ALL ACUTE HOSPITALS,2012,other_operating_revenue_total,3,555158830.0,13622630646.0,3,13622630646.0
2012,hscrc-disclosure-report-fy-2012.pdf,ALL ACUTE HOSPITALS,2012,other_operating_revenue_unregulated,2,401398299.0,1192887446.0,2,1192887446.0
2012,hscrc-disclosure-report-fy-2012.pdf,ALL SPECIALTY HOSPITALS,2010,excess_profit,2,-1417554.0,5799301.0,2,5799301.0
2012,hscrc-disclosure-report-fy-2012.pdf,ALL SPECIALTY HOSPITALS,2010,gross_revenue_total,2,59517400.0,390881594.0,2,390881594.0
2012,hscrc-disclosure-report-fy-2012.pdf,ALL SPECIALTY HOSPITALS,2010,inpatient_admissions,2,891.0,17203.0,2,17203.0
2012,hscrc-disclosure-report-fy-2012.pdf,ALL SPECIALTY HOSPITALS,2010,net_operating_revenue_total,2,48937287.0,309686463.0,2,309686463.0
2012,hscrc-disclosure-report-fy-2012.pdf,ALL SPECIALTY HOSPITALS,2010,net_patient_revenue_total,2,48818390.0,307941409.0,2,307941409.0
2012,hscrc-disclosure-report-fy-2012.pdf,ALL SPECIALTY HOSPITALS,2010,non_operating_profit,2,176054.0,2064311.0,2,2064311.0
2012,hscrc-disclosure-report-fy-2012.pdf,ALL SPECIALTY HOSPITALS,2010,operating_expenses_total,2,50530895.0,305951473.0,2,305951473.0
2012,hscrc-disclosure-report-fy-2012.pdf,ALL SPECIALTY HOSPITALS,2010,operating_profit_total,2,-1593607.0,3734990.0,2,3734990.0
2012,hscrc-disclosure-report-fy-2012.pdf,ALL SPECIALTY HOSPITALS,2010,other_operating_revenue_total,2,118898.0,1745054.0,2,1745054.0
2012,hscrc-disclosure-report-fy-2012.pdf,ALL SPECIALTY HOSPITALS,2011,excess_profit,2,-3220000.0,12322590.0,2,12322590.0
2012,hscrc-disclosure-report-fy-2012.pdf,ALL SPECIALTY HOSPITALS,2011,gross_revenue_total,2,57787100.0,361591178.0,2,361591178.0
2012,hscrc-disclosure-report-fy-2012.pdf,ALL SPECIALTY HOSPITALS,2011,inpatient_admissions,2,910.0,17040.0,2,17040.0
2012,hscrc-disclosure-report-fy-2012.pdf,ALL SPECIALTY HOSPITALS,2011,net_operating_revenue_total,2,48134630.0,315209910.0,2,315209910.0
2012,hscrc-disclosure-report-fy-2012.pdf,ALL SPECIALTY HOSPITALS,2011,net_patient_revenue_total,2,48149100.0,312426693.0,2,312426693.0
2012,hscrc-disclosure-report-fy-2012.pdf,ALL SPECIALTY HOSPITALS,2011,non_operating_profit,2,-1032297.0,6684143.0,2,6684143.0
2012,hscrc-disclosure-report-fy-2012.pdf,ALL SPECIALTY HOSPITALS,2011,operating_expenses_total,2,50322333.0,309571662.0,2,309571662.0
2012,hscrc-disclosure-report-fy-2012.pdf,ALL SPECIALTY HOSPITALS,2011,operating_profit_total,2,-2187703.0,5638447.0,2,5638447.0
2012,hscrc-disclosure-report-fy-2012.pdf,ALL SPECIALTY HOSPITALS,2011,other_operating_revenue_total,2,-14470.0,2783217.0,2,2783217.0
2012,hscrc-disclosure-report-fy-2012.pdf,ALL SPECIALTY HOSPITALS,2012,excess_profit,2,-25311700.0,-11891572.0,2,-11891572.0
2012,hscrc-disclosure-report-fy-2012.pdf,ALL SPECIALTY HOSPITALS,2012,gross_revenue_total,2,46079400.0,393606336.0,2,393606336.0
2012,hscrc-disclosure-report-fy-2012.pdf,ALL SPECIALTY HOSPITALS,2012,inpatient_admissions,2,645.0,18982.0,2,18982.0
2012,hscrc-disclosure-report-fy-2012.pdf,ALL SPECIALTY HOSPITALS,2012,net_operating_revenue_total,2,38957953.0,322137977.0,2,322137977.0
2012,hscrc-disclosure-report-fy-2012.pdf,ALL SPECIALTY HOSPITALS,2012,net_patient_revenue_total,2,38958000.0,318734693.0,2,318734693.0
2012,hscrc-disclosure-report-fy-2012.pdf,ALL SPECIALTY HOSPITALS,2012,non_operating_profit,2,-6174191.0,-2463837.0,2,-2463837.0
2012,hscrc-disclosure-report-fy-2012.pdf,ALL SPECIALTY HOSPITALS,2012,operating_expenses_total,2,61805816.0,327855359.0,2,327855359.0
2012,hscrc-disclosure-report-fy-2012.pdf,ALL SPECIALTY HOSPITALS,2012,operating_profit_total,2,-22847863.0,-5717381.0,2,-5717381.0
2012,hscrc-disclosure-report-fy-2012.pdf,ALL SPECIALTY HOSPITALS,2012,other_operating_revenue_total,2,-47.0,3403284.0,2,3403284.0
2013,HSCRC-Disclosure-Report-FY-2013.pdf,ALL SPECIALTY HOSPITALS,2011,excess_profit,2,-3220000.0,12322590.0,2,12322590.0
2013,HSCRC-Disclosure-Report-FY-2013.pdf,ALL SPECIALTY HOSPITALS,2011,gross_revenue_total,2,57787100.0,361591178.0,2,361591178.0
2013,HSCRC-Disclosure-Report-FY-2013.pdf,ALL SPECIALTY HOSPITALS,2011,inpatient_admissions,2,910.0,17040.0,2,17040.0
2013,HSCRC-Disclosure-Report-FY-2013.pdf,ALL SPECIALTY HOSPITALS,2011,net_operating_revenue_total,2,48134630.0,315209910.0,2,315209910.0
2013,HSCRC-Disclosure-Report-FY-2013.pdf,ALL SPECIALTY HOSPITALS,2011,net_patient_revenue_total,2,48149100.0,312426693.0,2,312426693.0
2013,HSCRC-Disclosure-Report-FY-2013.pdf,ALL SPECIALTY HOSPITALS,2011,non_operating_profit,2,-1032297.0,6684342.0,2,6684342.0
2013,HSCRC-Disclosure-Report-FY-2013.pdf,ALL SPECIALTY HOSPITALS,2011,operating_expenses_total,2,50322333.0,309571662.0,2,309571662.0
2013,HSCRC-Disclosure-Report-FY-2013.pdf,ALL SPECIALTY HOSPITALS,2011,operating_profit_total,2,-2187703.0,5638248.0,2,5638248.0
2013,HSCRC-Disclosure-Report-FY-2013.pdf,ALL SPECIALTY HOSPITALS,2011,other_operating_revenue_total,2,-14470.0,2783217.0,2,2783217.0
2013,HSCRC-Disclosure-Report-FY-2013.pdf,ALL SPECIALTY HOSPITALS,2012,excess_profit,2,-25311700.0,-11891572.0,2,-11891572.0
2013,HSCRC-Disclosure-Report-FY-2013.pdf,ALL SPECIALTY HOSPITALS,2012,gross_revenue_total,2,46079400.0,393606336.0,2,393606336.0
2013,HSCRC-Disclosure-Report-FY-2013.pdf,ALL SPECIALTY HOSPITALS,2012,inpatient_admissions,2,645.0,18982.0,2,18982.0
2013,HSCRC-Disclosure-Report-FY-2013.pdf,ALL SPECIALTY HOSPITALS,2012,net_operating_revenue_total,2,38957953.0,322137977.0,2,322137977.0
2013,HSCRC-Disclosure-Report-FY-2013.pdf,ALL SPECIALTY HOSPITALS,2012,net_patient_revenue_total,2,38958000.0,318734693.0,2,318734693.0
2013,HSCRC-Disclosure-Report-FY-2013.pdf,ALL SPECIALTY HOSPITALS,2012,non_operating_profit,2,-6174190.0,-2463837.0,2,-2463837.0
2013,HSCRC-Disclosure-Report-FY-2013.pdf,ALL SPECIALTY HOSPITALS,2012,operating_expenses_total,2,61805816.0,327855359.0,2,327855359.0
2013,HSCRC-Disclosure-Report-FY-2013.pdf,ALL SPECIALTY HOSPITALS,2012,operating_profit_total,2,-22847863.0,-5717382.0,2,-5717382.0
2013,HSCRC-Disclosure-Report-FY-2013.pdf,ALL SPECIALTY HOSPITALS,2012,other_operating_revenue_total,2,-47.0,3403284.0,2,3403284.0
2013,HSCRC-Disclosure-Report-FY-2013.pdf,ALL SPECIALTY HOSPITALS,2013,excess_profit,2,0.0,32512243.0,2,32512243.0
2013,HSCRC-Disclosure-Report-FY-2013.pdf,ALL SPECIALTY HOSPITALS,2013,gross_revenue_total,2,0.0,357921238.0,2,357921238.0
2013,HSCRC-Disclosure-Report-FY-2013.pdf,ALL SPECIALTY HOSPITALS,2013,inpatient_admissions,2,0.0,18115.0,2,18115.0
2013,HSCRC-Disclosure-Report-FY-2013.pdf,ALL SPECIALTY HOSPITALS,2013,net_operating_revenue_total,2,0.0,290647889.0,2,290647889.0
2013,HSCRC-Disclosure-Report-FY-2013.pdf,ALL SPECIALTY HOSPITALS,2013,net_patient_revenue_total,2,0.0,285589920.0,2,285589920.0
2013,HSCRC-Disclosure-Report-FY-2013.pdf,ALL SPECIALTY HOSPITALS,2013,non_operating_profit,2,0.0,8279291.0,2,8279291.0
2013,HSCRC-Disclosure-Report-FY-2013.pdf,ALL SPECIALTY HOSPITALS,2013,operating_expenses_total,2,0.0,266414937.0,2,266414937.0
2013,HSCRC-Disclosure-Report-FY-2013.pdf,ALL SPECIALTY HOSPITALS,2013,operating_profit_total,2,0.0,24232952.0,2,24232952.0
2013,HSCRC-Disclosure-Report-FY-2013.pdf,ALL SPECIALTY HOSPITALS,2013,other_operating_revenue_total,2,0.0,5057969.0,2,5057969.0
2014,HSCRC-Financial-Disclosure-Report-FY-2014.pdf,ALL SPECIALTY HOSPITALS,2012,excess_profit,2,-25311700.0,-11891572.0,2,-11891572.0
2014,HSCRC-Financial-Disclosure-Report-FY-2014.pdf,ALL SPECIALTY HOSPITALS,2012,gross_revenue_total,2,46079400.0,393606336.0,2,393606336.0
2014,HSCRC-Financial-Disclosure-Report-FY-2014.pdf,ALL SPECIALTY HOSPITALS,2012,inpatient_admissions,2,645.0,18982.0,2,18982.0
2014,HSCRC-Financial-Disclosure-Report-FY-2014.pdf,ALL SPECIALTY HOSPITALS,2012,net_operating_revenue_total,2,38957953.0,322137977.0,2,322137977.0
2014,HSCRC-Financial-Disclosure-Report-FY-2014.pdf,ALL SPECIALTY HOSPITALS,2012,net_patient_revenue_total,2,38958000.0,318734693.0,2,318734693.0
2014,HSCRC-Financial-Disclosure-Report-FY-2014.pdf,ALL SPECIALTY HOSPITALS,2012,non_operating_profit,2,-6174190.0,-2463837.0,2,-2463837.0
2014,HSCRC-Financial-Disclosure-Report-FY-2014.pdf,ALL SPECIALTY HOSPITALS,2012,operating_expenses_total,2,61805816.0,327855359.0,2,327855359.0
2014,HSCRC-Financial-Disclosure-Report-FY-2014.pdf,ALL SPECIALTY HOSPITALS,2012,operating_profit_total,2,-22847863.0,-5717382.0,2,-5717382.0
2014,HSCRC-Financial-Disclosure-Report-FY-2014.pdf,ALL SPECIALTY HOSPITALS,2012,other_operating_revenue_total,2,-47.0,3403284.0,2,3403284.0
2014,HSCRC-Financial-Disclosure-Report-FY-2014.pdf,ALL SPECIALTY HOSPITALS,2013,excess_profit,2,0.0,32512243.0,2,32512243.0
2014,HSCRC-Financial-Disclosure-Report-FY-2014.pdf,ALL SPECIALTY HOSPITALS,2013,gross_revenue_total,2,0.0,357921238.0,2,357921238.0
2014,HSCRC-Financial-Disclosure-Report-FY-2014.pdf,ALL SPECIALTY HOSPITALS,2013,inpatient_admissions,2,0.0,18115.0,2,18115.0
2014,HSCRC-Financial-Disclosure-Report-FY-2014.pdf,ALL SPECIALTY HOSPITALS,2013,net_operating_revenue_total,2,0.0,290647889.0,2,290647889.0
2014,HSCRC-Financial-Disclosure-Report-FY-2014.pdf,ALL SPECIALTY HOSPITALS,2013,net_patient_revenue_total,2,0.0,285589920.0,2,285589920.0
2014,HSCRC-Financial-Disclosure-Report-FY-2014.pdf,ALL SPECIALTY HOSPITALS,2013,non_operating_profit,2,0.0,8279291.0,2,8279291.0
2014,HSCRC-Financial-Disclosure-Report-FY-2014.pdf,ALL SPECIALTY HOSPITALS,2013,operating_expenses_total,2,0.0,266414937.0,2,266414937.0
2014,HSCRC-Financial-Disclosure-Report-FY-2014.pdf,ALL SPECIALTY HOSPITALS,2013,operating_profit_total,2,0.0,24232952.0,2,24232952.0
2014,HSCRC-Financial-Disclosure-Report-FY-2014.pdf,ALL SPECIALTY HOSPITALS,2013,other_operating_revenue_total,2,0.0,5057969.0,2,5057969.0
2014,HSCRC-Financial-Disclosure-Report-FY-2014.pdf,ALL SPECIALTY HOSPITALS,2014,excess_profit,2,0.0,28737577.0,2,28737577.0
2014,HSCRC-Financial-Disclosure-Report-FY-2014.pdf,ALL SPECIALTY HOSPITALS,2014,gross_revenue_total,2,0.0,312175783.0,2,312175783.0
2014,HSCRC-Financial-Disclosure-Report-FY-2014.pdf,ALL SPECIALTY HOSPITALS,2014,inpatient_admissions,2,0.0,16658.0,2,16658.0
2014,HSCRC-Financial-Disclosure-Report-FY-2014.pdf,ALL SPECIALTY HOSPITALS,2014,net_operating_revenue_total,2,0.0,240167330.0,2,240167330.0
2014,HSCRC-Financial-Disclosure-Report-FY-2014.pdf,ALL SPECIALTY HOSPITALS,2014,net_patient_revenue_total,2,0.0,239027971.0,2,239027971.0
2014,HSCRC-Financial-Disclosure-Report-FY-2014.pdf,ALL SPECIALTY HOSPITALS,2014,non_operating_profit,2,0.0,16932104.0,2,16932104.0
2014,HSCRC-Financial-Disclosure-Report-FY-2014.pdf,ALL SPECIALTY HOSPITALS,2014,operating_expenses_total,2,0.0,228361857.0,2,228361857.0
2014,HSCRC-Financial-Disclosure-Report-FY-2014.pdf,ALL SPECIALTY HOSPITALS,2014,operating_profit_total,2,0.0,11805473.0,2,11805473.0
2014,HSCRC-Financial-Disclosure-Report-FY-2014.pdf,ALL SPECIALTY HOSPITALS,2014,other_operating_revenue_total,2,0.0,1139359.0,2,1139359.0
2015,HSCRC-Disclosure-Report-FY-2015-rev1.pdf,GREATER BALTIMORE MEDICAL CENTER,2013,excess_profit,2,0.0,33230610.0,2,33230610.0
2015,HSCRC-Disclosure-Report-FY-2015-rev1.pdf,GREATER BALTIMORE MEDICAL CENTER,2013,gross_revenue_regulated,2,0.0,421137700.0,2,421137700.0
2015,HSCRC-Disclosure-Report-FY-2015-rev1.pdf,GREATER BALTIMORE MEDICAL CENTER,2013,gross_revenue_total,2,0.0,466048425.0,2,466048425.0
2015,HSCRC-Disclosure-Report-FY-2015-rev1.pdf,GREATER BALTIMORE MEDICAL CENTER,2013,gross_revenue_unregulated,2,0.0,44910725.0,2,44910725.0
2015,HSCRC-Disclosure-Report-FY-2015-rev1.pdf,GREATER BALTIMORE MEDICAL CENTER,2013,net_operating_revenue_regulated,2,0.0,360034475.0,2,360034475.0
2015,HSCRC-Disclosure-Report-FY-2015-rev1.pdf,GREATER BALTIMORE MEDICAL CENTER,2013,net_operating_revenue_total,2,0.0,393996842.0,2,393996842.0
2015,HSCRC-Disclosure-Report-FY-2015-rev1.pdf,GREATER BALTIMORE MEDICAL CENTER,2013,net_operating_revenue_unregulated,2,0.0,33962367.0,2,33962367.0
2015,HSCRC-Disclosure-Report-FY-2015-rev1.pdf,GREATER BALTIMORE MEDICAL CENTER,2013,net_patient_revenue_regulated,2,0.0,352971792.0,2,352971792.0
2015,HSCRC-Disclosure-Report-FY-2015-rev1.pdf,GREATER BALTIMORE MEDICAL CENTER,2013,net_patient_revenue_total,2,0.0,374788748.0,2,374788748.0
2015,HSCRC-Disclosure-Report-FY-2015-rev1.pdf,GREATER BALTIMORE MEDICAL CENTER,2013,net_patient_revenue_unregulated,2,0.0,21816956.0,2,21816956.0
2015,HSCRC-Disclosure-Report-FY-2015-rev1.pdf,GREATER BALTIMORE MEDICAL CENTER,2013,non_operating_profit,2,0.0,18295933.0,2,18295933.0
2015,HSCRC-Disclosure-Report-FY-2015-rev1.pdf,GREATER BALTIMORE MEDICAL CENTER,2013,operating_expenses_regulated,2,0.0,330512612.0,2,330512612.0
2015,HSCRC-Disclosure-Report-FY-2015-rev1.pdf,GREATER BALTIMORE MEDICAL CENTER,2013,operating_expenses_total,2,0.0,379062165.0,2,379062165.0
2015,HSCRC-Disclosure-Report-FY-2015-rev1.pdf,GREATER BALTIMORE MEDICAL CENTER,2013,operating_profit_regulated,2,0.0,29521863.0,2,29521863.0
2015,HSCRC-Disclosure-Report-FY-2015-rev1.pdf,GREATER BALTIMORE MEDICAL CENTER,2013,operating_profit_total,2,0.0,14934677.0,2,14934677.0
2015,HSCRC-Disclosure-Report-FY-2015-rev1.pdf,GREATER BALTIMORE MEDICAL CENTER,2013,operating_profit_unregulated,2,-14587186.0,0.0,2,0.0
2015,HSCRC-Disclosure-Report-FY-2015-rev1.pdf,GREATER BALTIMORE MEDICAL CENTER,2013,other_operating_revenue_regulated,2,0.0,7062683.0,2,7062683.0
2015,HSCRC-Disclosure-Report-FY-2015-rev1.pdf,GREATER BALTIMORE MEDICAL CENTER,2013,other_operating_revenue_total,2,0.0,19208094.0,2,19208094.0
2015,HSCRC-Disclosure-Report-FY-2015-rev1.pdf,GREATER BALTIMORE MEDICAL CENTER,2013,other_operating_revenue_unregulated,2,0.0,12145411.0,2,12145411.0
2015,HSCRC-Disclosure-Report-FY-2015-rev1.pdf,GREATER BALTIMORE MEDICAL CENTER,2013,pct_excess_profit_of_total_revenue,2,0.0,8.05,2,8.05
2015,HSCRC-Disclosure-Report-FY-2015-rev1.pdf,GREATER BALTIMORE MEDICAL CENTER,2013,pct_operating_profit_of_regulated_nor,2,0.0,8.2,2,8.2
2015,HSCRC-Disclosure-Report-FY-2015-rev1.pdf,GREATER BALTIMORE MEDICAL CENTER,2013,pct_operating_profit_of_total_nor,2,0.0,3.79,2,3.79
2015,HSCRC-Disclosure-Report-FY-2015-rev1.pdf,GREATER BALTIMORE MEDICAL CENTER,2014,excess_profit,2,0.0,40539700.0,2,40539700.0
2015,HSCRC-Disclosure-Report-FY-2015-rev1.pdf,GREATER BALTIMORE MEDICAL CENTER,2014,gross_revenue_regulated,2,0.0,426965000.0,2,426965000.0
2015,HSCRC-Disclosure-Report-FY-2015-rev1.pdf,GREATER BALTIMORE MEDICAL CENTER,2014,gross_revenue_total,2,0.0,473308000.0,2,473308000.0
2015,HSCRC-Disclosure-Report-FY-2015-rev1.pdf,GREATER BALTIMORE MEDICAL CENTER,2014,gross_revenue_unregulated,2,0.0,46343000.0,2,46343000.0
2015,HSCRC-Disclosure-Report-FY-2015-rev1.pdf,GREATER BALTIMORE MEDICAL CENTER,2014,net_operating_revenue_regulated,2,0.0,366094799.0,2,366094799.0
2015,HSCRC-Disclosure-Report-FY-2015-rev1.pdf,GREATER BALTIMORE MEDICAL CENTER,2014,net_operating_revenue_total,2,0.0,402542099.0,2,402542099.0
2015,HSCRC-Disclosure-Report-FY-2015-rev1.pdf,GREATER BALTIMORE MEDICAL CENTER,2014,net_operating_revenue_unregulated,2,0.0,36447300.0,2,36447300.0
2015,HSCRC-Disclosure-Report-FY-2015-rev1.pdf,GREATER BALTIMORE MEDICAL CENTER,2014,net_patient_revenue_regulated,2,0.0,357329000.0,2,357329000.0
2015,HSCRC-Disclosure-Report-FY-2015-rev1.pdf,GREATER BALTIMORE MEDICAL CENTER,2014,net_patient_revenue_total,2,0.0,379065100.0,2,379065100.0
2015,HSCRC-Disclosure-Report-FY-2015-rev1.pdf,GREATER BALTIMORE MEDICAL CENTER,2014,net_patient_revenue_unregulated,2,0.0,21736100.0,2,21736100.0
2015,HSCRC-Disclosure-Report-FY-2015-rev1.pdf,GREATER BALTIMORE MEDICAL CENTER,2014,non_operating_profit,2,0.0,19695000.0,2,19695000.0
2015,HSCRC-Disclosure-Report-FY-2015-rev1.pdf,GREATER BALTIMORE MEDICAL CENTER,2014,operating_expenses_regulated,2,0.0,335132100.0,2,335132100.0
2015,HSCRC-Disclosure-Report-FY-2015-rev1.pdf,GREATER BALTIMORE MEDICAL CENTER,2014,operating_expenses_total,2,0.0,381697400.0,2,381697400.0
2015,HSCRC-Disclosure-Report-FY-2015-rev1.pdf,GREATER BALTIMORE MEDICAL CENTER,2014,operating_profit_regulated,2,0.0,30962700.0,2,30962700.0
2015,HSCRC-Disclosure-Report-FY-2015-rev1.pdf,GREATER BALTIMORE MEDICAL CENTER,2014,operating_profit_total,2,0.0,20844700.0,2,20844700.0
2015,HSCRC-Disclosure-Report-FY-2015-rev1.pdf,GREATER BALTIMORE MEDICAL CENTER,2014,operating_profit_unregulated,2,-10118000.0,0.0,2,0.0
2015,HSCRC-Disclosure-Report-FY-2015-rev1.pdf,GREATER BALTIMORE MEDICAL CENTER,2014,other_operating_revenue_regulated,2,0.0,8765799.0,2,8765799.0
2015,HSCRC-Disclosure-Report-FY-2015-rev1.pdf,GREATER BALTIMORE MEDICAL CENTER,2014,other_operating_revenue_total,2,0.0,23476999.0,2,23476999.0
2015,HSCRC-Disclosure-Report-FY-2015-rev1.pdf,GREATER BALTIMORE MEDICAL CENTER,2014,other_operating_revenue_unregulated,2,0.0,14711200.0,2,14711200.0
2015,HSCRC-Disclosure-Report-FY-2015-rev1.pdf,GREATER BALTIMORE MEDICAL CENTER,2014,pct_excess_profit_of_total_revenue,2,0.0,9.59,2,9.59
2015,HSCRC-Disclosure-Report-FY-2015-rev1.pdf,GREATER BALTIMORE MEDICAL CENTER,2014,pct_operating_profit_of_regulated_nor,2,0.0,8.46,2,8.46
2015,HSCRC-Disclosure-Report-FY-2015-rev1.pdf,GREATER BALTIMORE MEDICAL CENTER,2014,pct_operating_profit_of_total_nor,2,0.0,5.18,2,5.18
2015,HSCRC-Disclosure-Report-FY-2015-rev1.pdf,GREATER BALTIMORE MEDICAL CENTER,2015,excess_profit,2,-25330007.0,22310520.0,2,22310520.0
2015,HSCRC-Disclosure-Report-FY-2015-rev1.pdf,GREATER BALTIMORE MEDICAL CENTER,2015,gross_revenue_regulated,2,43305400.0,432707700.0,2,432707700.0
2015,HSCRC-Disclosure-Report-FY-2015-rev1.pdf,GREATER BALTIMORE MEDICAL CENTER,2015,gross_revenue_total,2,43407857.0,478985396.0,2,478985396.0
2015,HSCRC-Disclosure-Report-FY-2015-rev1.pdf,GREATER BALTIMORE MEDICAL CENTER,2015,gross_revenue_unregulated,2,102457.0,46277696.0,2,46277696.0
2015,HSCRC-Disclosure-Report-FY-2015-rev1.pdf,GREATER BALTIMORE MEDICAL CENTER,2015,net_operating_revenue_regulated,2,36370494.0,377879011.0,2,377879011.0
2015,HSCRC-Disclosure-Report-FY-2015-rev1.pdf,GREATER BALTIMORE MEDICAL CENTER,2015,net_operating_revenue_total,2,36934732.0,412145540.0,2,412145540.0
2015,HSCRC-Disclosure-Report-FY-2015-rev1.pdf,GREATER BALTIMORE MEDICAL CENTER,2015,net_operating_revenue_unregulated,2,564238.0,34266529.0,2,34266529.0
2015,HSCRC-Disclosure-Report-FY-2015-rev1.pdf,GREATER BALTIMORE MEDICAL CENTER,2015,net_patient_revenue_regulated,2,36057303.0,369026601.0,2,369026601.0
2015,HSCRC-Disclosure-Report-FY-2015-rev1.pdf,GREATER BALTIMORE MEDICAL CENTER,2015,net_patient_revenue_total,2,36159760.0,391703973.0,2,391703973.0
2015,HSCRC-Disclosure-Report-FY-2015-rev1.pdf,GREATER BALTIMORE MEDICAL CENTER,2015,net_patient_revenue_unregulated,2,102457.0,22677372.0,2,22677372.0
2015,HSCRC-Disclosure-Report-FY-2015-rev1.pdf,GREATER BALTIMORE MEDICAL CENTER,2015,non_operating_profit,2,-142227.0,2623000.0,2,2623000.0
2015,HSCRC-Disclosure-Report-FY-2015-rev1.pdf,GREATER BALTIMORE MEDICAL CENTER,2015,operating_expenses_regulated,2,56371837.0,337071422.0,2,337071422.0
2015,HSCRC-Disclosure-Report-FY-2015-rev1.pdf,GREATER BALTIMORE MEDICAL CENTER,2015,operating_expenses_total,2,62122512.0,392458020.0,2,392458020.0
2015,HSCRC-Disclosure-Report-FY-2015-rev1.pdf,GREATER BALTIMORE MEDICAL CENTER,2015,operating_profit_regulated,2,-20001343.0,40807589.0,2,40807589.0
2015,HSCRC-Disclosure-Report-FY-2015-rev1.pdf,GREATER BALTIMORE MEDICAL CENTER,2015,operating_profit_total,2,-25187780.0,19687520.0,2,19687520.0
2015,HSCRC-Disclosure-Report-FY-2015-rev1.pdf,GREATER BALTIMORE MEDICAL CENTER,2015,operating_profit_unregulated,2,-21120069.0,-5186437.0,2,-5186437.0
2015,HSCRC-Disclosure-Report-FY-2015-rev1.pdf,GREATER BALTIMORE MEDICAL CENTER,2015,other_operating_revenue_regulated,2,313191.0,8852410.0,2,8852410.0
2015,HSCRC-Disclosure-Report-FY-2015-rev1.pdf,GREATER BALTIMORE MEDICAL CENTER,2015,other_operating_revenue_total,2,774972.0,20441567.0,2,20441567.0
2015,HSCRC-Disclosure-Report-FY-2015-rev1.pdf,GREATER BALTIMORE MEDICAL CENTER,2015,other_operating_revenue_unregulated,2,461781.0,11589157.0,2,11589157.0
2015,HSCRC-Disclosure-Report-FY-2015-rev1.pdf,GREATER BALTIMORE MEDICAL CENTER,2015,pct_excess_profit_of_total_revenue,2,-68.85,5.35,2,5.35
2015,HSCRC-Disclosure-Report-FY-2015-rev1.pdf,GREATER BALTIMORE MEDICAL CENTER,2015,pct_operating_profit_of_regulated_nor,2,-54.99,10.8,2,10.8
2015,HSCRC-Disclosure-Report-FY-2015-rev1.pdf,GREATER BALTIMORE MEDICAL CENTER,2015,pct_operating_profit_of_total_nor,2,-68.2,4.78,2,4.78
2016,HSCRC-Disclosure-Report-FY-2016.pdf,WESTERN MARYLAND REGIONAL MEDICAL CENTER,2014,excess_profit,7,216009.0,29232072.0,7,29232072.0
2016,HSCRC-Disclosure-Report-FY-2016.pdf,WESTERN MARYLAND REGIONAL MEDICAL CENTER,2014,gross_revenue_total,7,2508000.0,380730300.0,7,380730300.0
2016,HSCRC-Disclosure-Report-FY-2016.pdf,WESTERN MARYLAND REGIONAL MEDICAL CENTER,2014,inpatient_admissions,6,271.0,16161.0,6,16161.0
2016,HSCRC-Disclosure-Report-FY-2016.pdf,WESTERN MARYLAND REGIONAL MEDICAL CENTER,2014,net_operating_revenue_total,7,2045654.0,361651968.0,7,361651968.0
2016,HSCRC-Disclosure-Report-FY-2016.pdf,WESTERN MARYLAND REGIONAL MEDICAL CENTER,2014,net_patient_revenue_total,7,2045654.0,293355000.0,7,293355000.0
2016,HSCRC-Disclosure-Report-FY-2016.pdf,WESTERN MARYLAND REGIONAL MEDICAL CENTER,2014,non_operating_profit,7,-197200.0,9900231.0,7,9900231.0
2016,HSCRC-Disclosure-Report-FY-2016.pdf,WESTERN MARYLAND REGIONAL MEDICAL CENTER,2014,operating_expenses_total,7,616191.0,342320127.0,7,342320127.0
2016,HSCRC-Disclosure-Report-FY-2016.pdf,WESTERN MARYLAND REGIONAL MEDICAL CENTER,2014,operating_profit_total,7,169478.0,19746900.0,7,19746900.0
2016,HSCRC-Disclosure-Report-FY-2016.pdf,WESTERN MARYLAND REGIONAL MEDICAL CENTER,2014,other_operating_revenue_total,7,0.0,101390755.0,7,101390755.0
2016,HSCRC-Disclosure-Report-FY-2016.pdf,WESTERN MARYLAND REGIONAL MEDICAL CENTER,2015,excess_profit,7,-3043330.0,23691759.0,7,23691759.0
2016,HSCRC-Disclosure-Report-FY-2016.pdf,WESTERN MARYLAND REGIONAL MEDICAL CENTER,2015,gross_revenue_total,7,2409200.0,391843100.0,7,391843100.0
2016,HSCRC-Disclosure-Report-FY-2016.pdf,WESTERN MARYLAND REGIONAL MEDICAL CENTER,2015,inpatient_admissions,6,297.0,16781.0,6,16781.0
2016,HSCRC-Disclosure-Report-FY-2016.pdf,WESTERN MARYLAND REGIONAL MEDICAL CENTER,2015,net_operating_revenue_total,7,1896662.0,378479272.0,7,378479272.0
2016,HSCRC-Disclosure-Report-FY-2016.pdf,WESTERN MARYLAND REGIONAL MEDICAL CENTER,2015,net_patient_revenue_total,7,1896662.0,305112200.0,7,305112200.0
2016,HSCRC-Disclosure-Report-FY-2016.pdf,WESTERN MARYLAND REGIONAL MEDICAL CENTER,2015,non_operating_profit,7,-450600.0,4168263.0,7,4168263.0
2016,HSCRC-Disclosure-Report-FY-2016.pdf,WESTERN MARYLAND REGIONAL MEDICAL CENTER,2015,operating_expenses_total,7,576673.0,358955776.0,7,358955776.0
2016,HSCRC-Disclosure-Report-FY-2016.pdf,WESTERN MARYLAND REGIONAL MEDICAL CENTER,2015,operating_profit_total,7,-3146993.0,21637200.0,7,21637200.0
2016,HSCRC-Disclosure-Report-FY-2016.pdf,WESTERN MARYLAND REGIONAL MEDICAL CENTER,2015,other_operating_revenue_total,7,0.0,103990946.0,7,103990946.0
2016,HSCRC-Disclosure-Report-FY-2016.pdf,WESTERN MARYLAND REGIONAL MEDICAL CENTER,2016,excess_profit,7,269600.0,23212204.0,7,23212204.0
2016,HSCRC-Disclosure-Report-FY-2016.pdf,WESTERN MARYLAND REGIONAL MEDICAL CENTER,2016,gross_revenue_total,7,3245821.0,399221400.0,7,399221400.0
2016,HSCRC-Disclosure-Report-FY-2016.pdf,WESTERN MARYLAND REGIONAL MEDICAL CENTER,2016,inpatient_admissions,6,302.0,16756.0,6,16756.0
2016,HSCRC-Disclosure-Report-FY-2016.pdf,WESTERN MARYLAND REGIONAL MEDICAL CENTER,2016,net_operating_revenue_total,7,2780319.0,397475552.0,7,397475552.0
2016,HSCRC-Disclosure-Report-FY-2016.pdf,WESTERN MARYLAND REGIONAL MEDICAL CENTER,2016,net_patient_revenue_total,7,2780319.0,312546600.0,7,312546600.0
2016,HSCRC-Disclosure-Report-FY-2016.pdf,WESTERN MARYLAND REGIONAL MEDICAL CENTER,2016,non_operating_profit,7,-78800.0,2100400.0,7,2100400.0
2016,HSCRC-Disclosure-Report-FY-2016.pdf,WESTERN MARYLAND REGIONAL MEDICAL CENTER,2016,operating_expenses_total,7,795278.0,376333665.0,7,376333665.0
2016,HSCRC-Disclosure-Report-FY-2016.pdf,WESTERN MARYLAND REGIONAL MEDICAL CENTER,2016,operating_profit_total,7,348400.0,21141887.0,7,21141887.0
2016,HSCRC-Disclosure-Report-FY-2016.pdf,WESTERN MARYLAND REGIONAL MEDICAL CENTER,2016,other_operating_revenue_total,7,0.0,110690954.0,7,110690954.0
2017,HSCRCDisclosureReportFY2017.pdf,WESTERN MARYLAND REGIONAL MEDICAL CENTER,2015,excess_profit,2,21186600.0,23691759.0,2,23691759.0
2017,HSCRCDisclosureReportFY2017.pdf,WESTERN MARYLAND REGIONAL MEDICAL CENTER,2015,gross_revenue_total,2,350995883.0,391843100.0,2,391843100.0
2017,HSCRCDisclosureReportFY2017.pdf,WESTERN MARYLAND REGIONAL MEDICAL CENTER,2015,net_operating_revenue_total,2,311591100.0,378479272.0,2,378479272.0
2017,HSCRCDisclosureReportFY2017.pdf,WESTERN MARYLAND REGIONAL MEDICAL CENTER,2015,net_patient_revenue_total,2,274488326.0,305112200.0,2,305112200.0
2017,HSCRCDisclosureReportFY2017.pdf,WESTERN MARYLAND REGIONAL MEDICAL CENTER,2015,non_operating_profit,2,-450600.0,4168263.0,2,4168263.0
2017,HSCRCDisclosureReportFY2017.pdf,WESTERN MARYLAND REGIONAL MEDICAL CENTER,2015,operating_expenses_total,2,289953900.0,358955776.0,2,358955776.0
2017,HSCRCDisclosureReportFY2017.pdf,WESTERN MARYLAND REGIONAL MEDICAL CENTER,2015,operating_profit_total,2,19523496.0,21637200.0,2,21637200.0
2017,HSCRCDisclosureReportFY2017.pdf,WESTERN MARYLAND REGIONAL MEDICAL CENTER,2015,other_operating_revenue_total,2,6478900.0,103990946.0,2,103990946.0
2017,HSCRCDisclosureReportFY2017.pdf,WESTERN MARYLAND REGIONAL MEDICAL CENTER,2016,excess_profit,2,7960700.0,25806729.0,2,25806729.0
2017,HSCRCDisclosureReportFY2017.pdf,WESTERN MARYLAND REGIONAL MEDICAL CENTER,2016,gross_revenue_total,2,353829271.0,399221400.0,2,399221400.0
2017,HSCRCDisclosureReportFY2017.pdf,WESTERN MARYLAND REGIONAL MEDICAL CENTER,2016,net_operating_revenue_total,2,319167000.0,390866602.0,2,390866602.0
2017,HSCRCDisclosureReportFY2017.pdf,WESTERN MARYLAND REGIONAL MEDICAL CENTER,2016,net_patient_revenue_total,2,281267798.0,312546600.0,2,312546600.0
2017,HSCRCDisclosureReportFY2017.pdf,WESTERN MARYLAND REGIONAL MEDICAL CENTER,2016,non_operating_profit,2,1976900.0,2070417.0,2,2070417.0
2017,HSCRCDisclosureReportFY2017.pdf,WESTERN MARYLAND REGIONAL MEDICAL CENTER,2016,operating_expenses_total,2,313183200.0,367130290.0,2,367130290.0
2017,HSCRCDisclosureReportFY2017.pdf,WESTERN MARYLAND REGIONAL MEDICAL CENTER,2016,operating_profit_total,2,5983800.0,23736312.0,2,23736312.0
2017,HSCRCDisclosureReportFY2017.pdf,WESTERN MARYLAND REGIONAL MEDICAL CENTER,2016,other_operating_revenue_total,2,6620400.0,109598804.0,2,109598804.0
2017,HSCRCDisclosureReportFY2017.pdf,WESTERN MARYLAND REGIONAL MEDICAL CENTER,2017,excess_profit,2,20451600.0,26233330.0,2,26233330.0
2017,HSCRCDisclosureReportFY2017.pdf,WESTERN MARYLAND REGIONAL MEDICAL CENTER,2017,gross_revenue_total,2,368897190.0,408214900.0,2,408214900.0
2017,HSCRCDisclosureReportFY2017.pdf,WESTERN MARYLAND REGIONAL MEDICAL CENTER,2017,net_operating_revenue_total,2,328707700.0,406899669.0,2,406899669.0
2017,HSCRCDisclosureReportFY2017.pdf,WESTERN MARYLAND REGIONAL MEDICAL CENTER,2017,net_patient_revenue_total,2,296793792.0,323334700.0,2,323334700.0
2017,HSCRCDisclosureReportFY2017.pdf,WESTERN MARYLAND REGIONAL MEDICAL CENTER,2017,non_operating_profit,2,12213820.0,13294500.0,2,13294500.0
2017,HSCRCDisclosureReportFY2017.pdf,WESTERN MARYLAND REGIONAL MEDICAL CENTER,2017,operating_expenses_total,2,321550600.0,392880159.0,2,392880159.0
2017,HSCRCDisclosureReportFY2017.pdf,WESTERN MARYLAND REGIONAL MEDICAL CENTER,2017,operating_profit_total,2,7157100.0,14019510.0,2,14019510.0
2017,HSCRCDisclosureReportFY2017.pdf,WESTERN MARYLAND REGIONAL MEDICAL CENTER,2017,other_operating_revenue_total,2,5373000.0,110105878.0,2,110105878.0
2021,Hospital Financial Condition Report FY 2021.pdf,UPMC WESTERN MARYLAND,2019,gross_revenue_total,2,331454762.0,415915700.0,2,415915700.0
2021,Hospital Financial Condition Report FY 2021.pdf,UPMC WESTERN MARYLAND,2019,net_operating_revenue_total,2,338477100.0,370872820.0,2,370872820.0
2021,Hospital Financial Condition Report FY 2021.pdf,UPMC WESTERN MARYLAND,2019,net_patient_revenue_total,2,270020744.0,332460800.0,2,332460800.0
2021,Hospital Financial Condition Report FY 2021.pdf,UPMC WESTERN MARYLAND,2019,operating_expenses_total,2,329057100.0,365678758.0,2,365678758.0
2021,Hospital Financial Condition Report FY 2021.pdf,UPMC WESTERN MARYLAND,2019,operating_profit_total,2,5193862.0,9420000.0,2,9420000.0
2021,Hospital Financial Condition Report FY 2021.pdf,UPMC WESTERN MARYLAND,2019,other_operating_revenue_total,2,6016300.0,100852076.0,2,100852076.0
2021,Hospital Financial Condition Report FY 2021.pdf,UPMC WESTERN MARYLAND,2020,excess_profit,2,1071189.0,9716303.0,2,9716303.0
2021,Hospital Financial Condition Report FY 2021.pdf,UPMC WESTERN MARYLAND,2020,gross_revenue_regulated,2,202274300.0,317291500.0,2,317291500.0
2021,Hospital Financial Condition Report FY 2021.pdf,UPMC WESTERN MARYLAND,2020,gross_revenue_total,4,41537844.0,386132200.0,4,386132200.0
2021,Hospital Financial Condition Report FY 2021.pdf,UPMC WESTERN MARYLAND,2020,gross_revenue_unregulated,2,47849700.0,68840700.0,2,68840700.0
2021,Hospital Financial Condition Report FY 2021.pdf,UPMC WESTERN MARYLAND,2020,inpatient_admissions,2,997.0,11379.0,2,11379.0
2021,Hospital Financial Condition Report FY 2021.pdf,UPMC WESTERN MARYLAND,2020,net_operating_revenue_regulated,2,168304200.0,263513000.0,2,263513000.0
2021,Hospital Financial Condition Report FY 2021.pdf,UPMC WESTERN MARYLAND,2020,net_operating_revenue_total,4,31247906.0,356940224.0,4,356940224.0
2021,Hospital Financial Condition Report FY 2021.pdf,UPMC WESTERN MARYLAND,2020,net_operating_revenue_unregulated,2,33265500.0,47537500.0,2,47537500.0
2021,Hospital Financial Condition Report FY 2021.pdf,UPMC WESTERN MARYLAND,2020,net_patient_revenue_regulated,2,168140900.0,263149900.0,2,263149900.0
2021,Hospital Financial Condition Report FY 2021.pdf,UPMC WESTERN MARYLAND,2020,net_patient_revenue_total,4,28603097.0,307661200.0,4,307661200.0
2021,Hospital Financial Condition Report FY 2021.pdf,UPMC WESTERN MARYLAND,2020,net_patient_revenue_unregulated,2,31082800.0,44511300.0,2,44511300.0
2021,Hospital Financial Condition Report FY 2021.pdf,UPMC WESTERN MARYLAND,2020,non_operating_profit,2,-705461.0,8552537.0,2,8552537.0
2021,Hospital Financial Condition Report FY 2021.pdf,UPMC WESTERN MARYLAND,2020,operating_expenses_regulated,2,146034700.0,219103095.0,2,219103095.0
2021,Hospital Financial Condition Report FY 2021.pdf,UPMC WESTERN MARYLAND,2020,operating_expenses_total,4,29471256.0,355776558.0,4,355776558.0
2021,Hospital Financial Condition Report FY 2021.pdf,UPMC WESTERN MARYLAND,2020,operating_profit_regulated,2,22269500.0,44409905.0,2,44409905.0
2021,Hospital Financial Condition Report FY 2021.pdf,UPMC WESTERN MARYLAND,2020,operating_profit_total,4,1163766.0,13163400.0,4,13163400.0
2021,Hospital Financial Condition Report FY 2021.pdf,UPMC WESTERN MARYLAND,2020,operating_profit_unregulated,2,-31246505.0,-17118800.0,2,-17118800.0
2021,Hospital Financial Condition Report FY 2021.pdf,UPMC WESTERN MARYLAND,2020,other_operating_revenue_regulated,2,163300.0,363100.0,2,363100.0
2021,Hospital Financial Condition Report FY 2021.pdf,UPMC WESTERN MARYLAND,2020,other_operating_revenue_total,4,2346000.0,92905813.0,4,92905813.0
2021,Hospital Financial Condition Report FY 2021.pdf,UPMC WESTERN MARYLAND,2020,other_operating_revenue_unregulated,2,2182700.0,3026200.0,2,3026200.0
2022,Final Hospital Financial Condition Report FY 2022.pdf,UPMC WESTERN MARYLAND,2020,excess_profit,2,9716303.0,39769317.0,2,39769317.0
2022,Final Hospital Financial Condition Report FY 2022.pdf,UPMC WESTERN MARYLAND,2020,gross_revenue_regulated,2,202274300.0,317291500.0,2,317291500.0
2022,Final Hospital Financial Condition Report FY 2022.pdf,UPMC WESTERN MARYLAND,2020,gross_revenue_total,4,250124000.0,386132200.0,4,386132200.0
2022,Final Hospital Financial Condition Report FY 2022.pdf,UPMC WESTERN MARYLAND,2020,gross_revenue_unregulated,2,47849700.0,68840700.0,2,68840700.0
2022,Final Hospital Financial Condition Report FY 2022.pdf,UPMC WESTERN MARYLAND,2020,inpatient_admissions,2,10595.0,11379.0,2,11379.0
2022,Final Hospital Financial Condition Report FY 2022.pdf,UPMC WESTERN MARYLAND,2020,net_operating_revenue_regulated,2,168304200.0,263513000.0,2,263513000.0
2022,Final Hospital Financial Condition Report FY 2022.pdf,UPMC WESTERN MARYLAND,2020,net_operating_revenue_total,4,201569700.0,356940224.0,4,356940224.0
2022,Final Hospital Financial Condition Report FY 2022.pdf,UPMC WESTERN MARYLAND,2020,net_operating_revenue_unregulated,2,33265500.0,47537500.0,2,47537500.0
2022,Final Hospital Financial Condition Report FY 2022.pdf,UPMC WESTERN MARYLAND,2020,net_patient_revenue_regulated,2,168140900.0,263149900.0,2,263149900.0
2022,Final Hospital Financial Condition Report FY 2022.pdf,UPMC WESTERN MARYLAND,2020,net_patient_revenue_total,4,199223700.0,307661200.0,4,307661200.0
2022,Final Hospital Financial Condition Report FY 2022.pdf,UPMC WESTERN MARYLAND,2020,net_patient_revenue_unregulated,2,31082800.0,44511300.0,2,44511300.0
2022,Final Hospital Financial Condition Report FY 2022.pdf,UPMC WESTERN MARYLAND,2020,non_operating_profit,2,8552537.0,52149555.0,2,52149555.0
2022,Final Hospital Financial Condition Report FY 2022.pdf,UPMC WESTERN MARYLAND,2020,operating_expenses_regulated,2,146034700.0,219103095.0,2,219103095.0
2022,Final Hospital Financial Condition Report FY 2022.pdf,UPMC WESTERN MARYLAND,2020,operating_expenses_total,4,196419000.0,355776558.0,4,355776558.0
2022,Final Hospital Financial Condition Report FY 2022.pdf,UPMC WESTERN MARYLAND,2020,operating_expenses_unregulated,2,50384300.0,78784005.0,2,78784005.0
2022,Final Hospital Financial Condition Report FY 2022.pdf,UPMC WESTERN MARYLAND,2020,operating_profit_regulated,2,22269500.0,44409905.0,2,44409905.0
2022,Final Hospital Financial Condition Report FY 2022.pdf,UPMC WESTERN MARYLAND,2020,operating_profit_total,4,-12380238.0,13163400.0,4,13163400.0
2022,Final Hospital Financial Condition Report FY 2022.pdf,UPMC WESTERN MARYLAND,2020,operating_profit_unregulated,2,-31246505.0,-17118800.0,2,-17118800.0
2022,Final Hospital Financial Condition Report FY 2022.pdf,UPMC WESTERN MARYLAND,2020,other_operating_revenue_regulated,2,163300.0,363100.0,2,363100.0
2022,Final Hospital Financial Condition Report FY 2022.pdf,UPMC WESTERN MARYLAND,2020,other_operating_revenue_total,4,2346000.0,92905813.0,4,92905813.0
2022,Final Hospital Financial Condition Report FY 2022.pdf,UPMC WESTERN MARYLAND,2020,other_operating_revenue_unregulated,2,2182700.0,3026200.0,2,3026200.0
2022,Final Hospital Financial Condition Report FY 2022.pdf,UPMC WESTERN MARYLAND,2021,gross_revenue_total,2,339906894.0,441039720.0,2,441039720.0
2022,Final Hospital Financial Condition Report FY 2022.pdf,UPMC WESTERN MARYLAND,2021,net_operating_revenue_total,2,370742520.0,382112751.0,2,382112751.0
2022,Final Hospital Financial Condition Report FY 2022.pdf,UPMC WESTERN MARYLAND,2021,net_patient_revenue_total,2,273322820.0,358349890.0,2,358349890.0
2022,Final Hospital Financial Condition Report FY 2022.pdf,UPMC WESTERN MARYLAND,2021,operating_expenses_total,2,331672970.0,392644075.0,2,392644075.0
2022,Final Hospital Financial Condition Report FY 2022.pdf,UPMC WESTERN MARYLAND,2021,operating_profit_total,2,-10531324.0,39069550.0,2,39069550.0
2022,Final Hospital Financial Condition Report FY 2022.pdf,UPMC WESTERN MARYLAND,2021,other_operating_revenue_total,2,12392630.0,108789931.0,2,108789931.0
2023,Final Hospital Financial Condition Report FY 2023.pdf,UPMC WESTERN MARYLAND,2020,excess_profit,2,39769317.0,189424400.0,2,189424400.0
2023,Final Hospital Financial Condition Report FY 2023.pdf,UPMC WESTERN MARYLAND,2020,gross_revenue_total,2,319034512.0,386132200.0,2,386132200.0
2023,Final Hospital Financial Condition Report FY 2023.pdf,UPMC WESTERN MARYLAND,2020,net_operating_revenue_total,2,284335932.0,311050500.0,2,311050500.0
2023,Final Hospital Financial Condition Report FY 2023.pdf,UPMC WESTERN MARYLAND,2020,net_patient_revenue_total,2,258945680.0,307661200.0,2,307661200.0
2023,Final Hospital Financial Condition Report FY 2023.pdf,UPMC WESTERN MARYLAND,2020,non_operating_profit,2,52149555.0,176261000.0,2,176261000.0
2023,Final Hospital Financial Condition Report FY 2023.pdf,UPMC WESTERN MARYLAND,2020,operating_expenses_total,2,296716170.0,297887100.0,2,297887100.0
2023,Final Hospital Financial Condition Report FY 2023.pdf,UPMC WESTERN MARYLAND,2020,operating_profit_total,2,-12380238.0,13163400.0,2,13163400.0
2023,Final Hospital Financial Condition Report FY 2023.pdf,UPMC WESTERN MARYLAND,2020,other_operating_revenue_total,2,3389300.0,25390253.0,2,25390253.0
2023,Final Hospital Financial Condition Report FY 2023.pdf,UPMC WESTERN MARYLAND,2021,excess_profit,2,-23964008.0,42794400.0,2,42794400.0
2023,Final Hospital Financial Condition Report FY 2023.pdf,UPMC WESTERN MARYLAND,2021,gross_revenue_total,2,339906894.0,441039720.0,2,441039720.0
2023,Final Hospital Financial Condition Report FY 2023.pdf,UPMC WESTERN MARYLAND,2021,net_operating_revenue_total,2,370742520.0,382112751.0,2,382112751.0
2023,Final Hospital Financial Condition Report FY 2023.pdf,UPMC WESTERN MARYLAND,2021,net_patient_revenue_total,2,273322820.0,358349890.0,2,358349890.0
2023,Final Hospital Financial Condition Report FY 2023.pdf,UPMC WESTERN MARYLAND,2021,non_operating_profit,2,-13432685.0,3724850.0,2,3724850.0
2023,Final Hospital Financial Condition Report FY 2023.pdf,UPMC WESTERN MARYLAND,2021,operating_expenses_total,2,331672970.0,392644075.0,2,392644075.0
2023,Final Hospital Financial Condition Report FY 2023.pdf,UPMC WESTERN MARYLAND,2021,operating_profit_total,2,-10531324.0,39069550.0,2,39069550.0
2023,Final Hospital Financial Condition Report FY 2023.pdf,UPMC WESTERN MARYLAND,2021,other_operating_revenue_total,2,12392630.0,108789931.0,2,108789931.0
2023,Final Hospital Financial Condition Report FY 2023.pdf,UPMC WESTERN MARYLAND,2022,excess_profit,2,-45131882.0,20550485.0,2,20550485.0
2023,Final Hospital Financial Condition Report FY 2023.pdf,UPMC WESTERN MARYLAND,2022,gross_revenue_total,2,420077813.0,451296500.0,2,451296500.0
2023,Final Hospital Financial Condition Report FY 2023.pdf,UPMC WESTERN MARYLAND,2022,net_operating_revenue_total,2,371481125.0,439288562.0,2,439288562.0
2023,Final Hospital Financial Condition Report FY 2023.pdf,UPMC WESTERN MARYLAND,2022,net_patient_revenue_total,2,323942760.0,363954425.0,2,363954425.0
2023,Final Hospital Financial Condition Report FY 2023.pdf,UPMC WESTERN MARYLAND,2022,non_operating_profit,2,-52003024.0,2499050.0,2,2499050.0
2023,Final Hospital Financial Condition Report FY 2023.pdf,UPMC WESTERN MARYLAND,2022,operating_expenses_total,2,353429690.0,432417420.0,2,432417420.0
2023,Final Hospital Financial Condition Report FY 2023.pdf,UPMC WESTERN MARYLAND,2022,operating_profit_total,2,6871142.0,18051435.0,2,18051435.0
2023,Final Hospital Financial Condition Report FY 2023.pdf,UPMC WESTERN MARYLAND,2022,other_operating_revenue_total,2,7526700.0,115345802.0,2,115345802.0
2024,Final Hospital Financial Condition Report FY 2024 (2).pdf,WVU MEDICINE GARRETT REGIONAL MEDICAL CENTER,2022,excess_profit,3,-45131882.0,-6541229.0,4,-6541229.0
2024,Final Hospital Financial Condition Report FY 2024 (2).pdf,WVU MEDICINE GARRETT REGIONAL MEDICAL CENTER,2022,gross_revenue_total,3,88406646.0,420077813.0,4,420077813.0
2024,Final Hospital Financial Condition Report FY 2024 (2).pdf,WVU MEDICINE GARRETT REGIONAL MEDICAL CENTER,2022,inpatient_admissions,2,11682.0,13293.0,2,13293.0
2024,Final Hospital Financial Condition Report FY 2024 (2).pdf,WVU MEDICINE GARRETT REGIONAL MEDICAL CENTER,2022,net_operating_revenue_total,3,72602020.0,439288562.0,4,439288562.0
2024,Final Hospital Financial Condition Report FY 2024 (2).pdf,WVU MEDICINE GARRETT REGIONAL MEDICAL CENTER,2022,net_patient_revenue_total,3,67557720.0,323942760.0,4,323942760.0
2024,Final Hospital Financial Condition Report FY 2024 (2).pdf,WVU MEDICINE GARRETT REGIONAL MEDICAL CENTER,2022,non_operating_profit,3,-52003024.0,-1634274.0,4,-1634274.0
2024,Final Hospital Financial Condition Report FY 2024 (2).pdf,WVU MEDICINE GARRETT REGIONAL MEDICAL CENTER,2022,operating_expenses_total,3,77508975.0,432417420.0,4,432417420.0
2024,Final Hospital Financial Condition Report FY 2024 (2).pdf,WVU MEDICINE GARRETT REGIONAL MEDICAL CENTER,2022,operating_profit_total,3,-10531324.0,6871142.0,4,6871142.0
2024,Final Hospital Financial Condition Report FY 2024 (2).pdf,WVU MEDICINE GARRETT REGIONAL MEDICAL CENTER,2022,other_operating_revenue_total,3,5044300.0,115345802.0,4,115345802.0
2024,Final Hospital Financial Condition Report FY 2024 (2).pdf,WVU MEDICINE GARRETT REGIONAL MEDICAL CENTER,2023,excess_profit,2,12969742.0,17684754.0,2,17684754.0
2024,Final Hospital Financial Condition Report FY 2024 (2).pdf,WVU MEDICINE GARRETT REGIONAL MEDICAL CENTER,2023,gross_revenue_total,2,109015492.0,436523992.0,2,436523992.0
2024,Final Hospital Financial Condition Report FY 2024 (2).pdf,WVU MEDICINE GARRETT REGIONAL MEDICAL CENTER,2023,net_operating_revenue_total,2,84047633.0,458337892.0,2,458337892.0
2024,Final Hospital Financial Condition Report FY 2024 (2).pdf,WVU MEDICINE GARRETT REGIONAL MEDICAL CENTER,2023,net_patient_revenue_total,2,82036139.0,336356907.0,2,336356907.0
2024,Final Hospital Financial Condition Report FY 2024 (2).pdf,WVU MEDICINE GARRETT REGIONAL MEDICAL CENTER,2023,non_operating_profit,2,1808641.0,11344964.0,2,11344964.0
2024,Final Hospital Financial Condition Report FY 2024 (2).pdf,WVU MEDICINE GARRETT REGIONAL MEDICAL CENTER,2023,operating_expenses_total,2,72886532.0,451998103.0,2,451998103.0
2024,Final Hospital Financial Condition Report FY 2024 (2).pdf,WVU MEDICINE GARRETT REGIONAL MEDICAL CENTER,2023,operating_profit_total,2,6339790.0,11161101.0,2,11161101.0
2024,Final Hospital Financial Condition Report FY 2024 (2).pdf,WVU MEDICINE GARRETT REGIONAL MEDICAL CENTER,2023,other_operating_revenue_total,2,2011493.0,121980985.0,2,121980985.0
2025,Hospital Financial Condition Report FY 2025.pdf,WVU MEDICINE GARRETT REGIONAL MEDICAL CENTER,2022,gross_revenue_total,2,88406646.0,420077813.0,2,420077813.0
2025,Hospital Financial Condition Report FY 2025.pdf,WVU MEDICINE GARRETT REGIONAL MEDICAL CENTER,2022,net_operating_revenue_total,2,72602020.0,439288562.0,2,439288562.0
2025,Hospital Financial Condition Report FY 2025.pdf,WVU MEDICINE GARRETT REGIONAL MEDICAL CENTER,2022,net_patient_revenue_total,2,67557720.0,323942760.0,2,323942760.0
2025,Hospital Financial Condition Report FY 2025.pdf,WVU MEDICINE GARRETT REGIONAL MEDICAL CENTER,2022,operating_expenses_total,2,77508975.0,432417420.0,2,432417420.0
2025,Hospital Financial Condition Report FY 2025.pdf,WVU MEDICINE GARRETT REGIONAL MEDICAL CENTER,2022,operating_profit_total,2,-4906955.0,6871142.0,2,6871142.0
2025,Hospital Financial Condition Report FY 2025.pdf,WVU MEDICINE GARRETT REGIONAL MEDICAL CENTER,2022,other_operating_revenue_total,2,5044300.0,115345802.0,2,115345802.0
2025,Hospital Financial Condition Report FY 2025.pdf,WVU MEDICINE GARRETT REGIONAL MEDICAL CENTER,2023,gross_revenue_total,2,109015492.0,436523992.0,2,436523992.0
2025,Hospital Financial Condition Report FY 2025.pdf,WVU MEDICINE GARRETT REGIONAL MEDICAL CENTER,2023,net_operating_revenue_total,2,84047633.0,458347392.0,2,458347392.0
2025,Hospital Financial Condition Report FY 2025.pdf,WVU MEDICINE GARRETT REGIONAL MEDICAL CENTER,2023,net_patient_revenue_total,2,82036139.0,336121205.0,2,336121205.0
2025,Hospital Financial Condition Report FY 2025.pdf,WVU MEDICINE GARRETT REGIONAL MEDICAL CENTER,2023,operating_expenses_total,2,72886532.0,451998103.0,2,451998103.0
2025,Hospital Financial Condition Report FY 2025.pdf,WVU MEDICINE GARRETT REGIONAL MEDICAL CENTER,2023,operating_profit_total,2,6349289.0,11161101.0,2,11161101.0
2025,Hospital Financial Condition Report FY 2025.pdf,WVU MEDICINE GARRETT REGIONAL MEDICAL CENTER,2023,other_operating_revenue_total,2,2011493.0,122226187.0,2,122226187.0
2025,Hospital Financial Condition Report FY 2025.pdf,WVU MEDICINE GARRETT REGIONAL MEDICAL CENTER,2024,gross_revenue_total,2,132713854.0,482499699.0,2,482499699.0
2025,Hospital Financial Condition Report FY 2025.pdf,WVU MEDICINE GARRETT REGIONAL MEDICAL CENTER,2024,net_operating_revenue_total,2,94118541.0,505820079.0,2,505820079.0
2025,Hospital Financial Condition Report FY 2025.pdf,WVU MEDICINE GARRETT REGIONAL MEDICAL CENTER,2024,net_patient_revenue_total,2,92744541.0,376106016.0,2,376106016.0
2025,Hospital Financial Condition Report FY 2025.pdf,WVU MEDICINE GARRETT REGIONAL MEDICAL CENTER,2024,operating_expenses_total,2,90203466.0,512768297.0,2,512768297.0
2025,Hospital Financial Condition Report FY 2025.pdf,WVU MEDICINE GARRETT REGIONAL MEDICAL CENTER,2024,operating_profit_total,2,-6948218.0,3915075.0,2,3915075.0
2025,Hospital Financial Condition Report FY 2025.pdf,WVU MEDICINE GARRETT REGIONAL MEDICAL CENTER,2024,other_operating_revenue_total,2,1374000.0,129714063.0,2,129714063.0
